{
  "regression_metrics": {
    "MSE": 0.11038884072090203,
    "RMSE": 0.3322481613506718,
    "R²": -0.330364796857781
  },
  "classification_metrics": {
    "Confusion Matrix": [
      [
        489,
        86
      ],
      [
        388,
        2037
      ]
    ],
    "F1-score": 0.895778364116095
  },
  "roc_auc": 0.9225179740026893
}