{
  "regression_metrics": {
    "MSE": 0.004656958517173291,
    "RMSE": 0.06824191173445605,
    "R²": 0.9438760871912911
  },
  "classification_metrics": {
    "Confusion Matrix": [
      [
        552,
        23
      ],
      [
        86,
        2339
      ]
    ],
    "F1-score": 0.977229997911009
  },
  "roc_auc": 0.995625997310623
}