{
  "regression_metrics": {
    "MSE": 0.046344329436856874,
    "RMSE": 0.21527733145144862,
    "R²": 0.44147556932265264
  },
  "classification_metrics": {
    "Confusion Matrix": [
      [
        531,
        44
      ],
      [
        120,
        2305
      ]
    ],
    "F1-score": 0.9656472559698366
  },
  "roc_auc": 0.9886716270730613
}