{
  "regression_metrics": {
    "MSE": 0.02375677157438326,
    "RMSE": 0.1541323183968348,
    "R²": 0.7136923226736389
  },
  "classification_metrics": {
    "Confusion Matrix": [
      [
        433,
        142
      ],
      [
        116,
        2309
      ]
    ],
    "F1-score": 0.9470877768662839
  },
  "roc_auc": 0.9457814432989691
}