{
  "regression_metrics": {
    "MSE": 0.020716737817563242,
    "RMSE": 0.14393310188265673,
    "R²": 0.750329666312006
  },
  "classification_metrics": {
    "Confusion Matrix": [
      [
        540,
        35
      ],
      [
        118,
        2307
      ]
    ],
    "F1-score": 0.9679043423536816
  },
  "roc_auc": 0.9908561183325862
}